Year,Name,State_Code,State,Start_Date,Contain_Date,Acres,Cause,Estimated_Cost,,,,
2005,Beaver Creek,AK,Alaska,6/20/2005,8/25/2005,"167,766",L,$0,,,,
2005,Chapman Creek,AK,Alaska,5/30/2005,7/9/2005,"162,670",L,$0,,,,
2005,Boundary Creek,AK,Alaska,7/12/2005,8/23/2005,"113,463",L,$0,,,,
2005,Sheenjek River,AK,Alaska,6/12/2005,7/10/2005,"107,240",L,$0,,,,
2005,Talbiksok,AK,Alaska,8/2/2005,8/28/2005,"76,369",L,$0,,,,
2005,Cave Creek Complex,AZ,Arizona,6/21/2005,7/11/2005,"248,310",L,$0,,,,
2005,Clover,ID,Idaho,7/15/2005,7/21/2005,"192,846",L,$0,,,,
2005,Ray River,AK,Alaska,6/6/2005,8/22/2005,"71,549",L,$0,,,,
2005,Coleen Mountain,AK,Alaska,7/24/2005,8/28/2005,"65,261",L,$0,,,,
2005,Grayling Creek,AK,Alaska,7/30/2005,8/22/2005,"44,970",L,$0,,,,
2006,Parks Hwy,AK,Alaska,6/7/2006,11/28/2006,"130,186",H,$0,,,,
2006,Nageethluk River,AK,Alaska,5/31/2006,11/28/2006,"52,540",L,"$65,000",,,,
2007,Caribou Hills,AK,Alaska,6/19/2007,7/5/2007,"55,638",H,"$7,124,524",,,,
2005,Hackberry Complex,CA,California,6/22/2005,7/6/2005,"70,736",L,$0,,,,
2008,,AK,Alaska,,,"48,697",,,,,,
2009,Bluff Creek,AK,Alaska,7/26/2009,11/10/2009,"41,756",L,$0,,,,
2005,Rupert,ID,Idaho,7/22/2005,7/27/2005,"47,592",L,$0,,,,
2009,Bear Creek,AK,Alaska,6/17/2009,9/25/2009,"50,897",L,$0,,,,
2006,Day,CA,California,9/4/2006,12/6/2006,"162,702",H,"$78,000,000",,,,
2009,Chakina,AK,Alaska,7/2/2009,8/25/2009,"56,413",L,"$1,933,616",,,,
2009,Rock Slough,AK,Alaska,6/30/2009,11/10/2009,"62,313",L,$0,,,,
2009,Sheenjek,AK,Alaska,7/2/2009,10/1/2009,"62,658",L,"$245,000",,,,
2009,Stevens Creek #1,AK,Alaska,6/18/2009,11/10/2009,"85,909",L,$0,,,,
2005,School Fire,WA,Washington,8/5/2005,10/1/2005,"49,515",U,$0,,,,
2009,Rex Creek,AK,Alaska,8/2/2009,9/1/2009,"101,150",L,$0,,,,
2007,,AZ,Arizona,,,"159,973",,,,,,
2006,Heat Fire,FL,Florida,6/2/2006,6/12/2006,"49,500",L,"$7,000",,,,
2006,Tripod Complex,WA,Washington,7/24/2006,11/9/2006,"113,011",L,"$68,175,390",,,,
2009,Wood River 1,AK,Alaska,7/12/2009,9/10/2009,"125,382",L,$0,,,,
2006,Sawtooth Complex,CA,California,7/9/2006,7/26/2006,"61,700",L,"$18,000,000",,,,
2005,Southern Nevada Complex,NV,Nevada,6/22/2005,7/18/2005,"508,751",L,$0,,,,
2008,,AZ,Arizona,,,"115,804",,,,,,
2005,,OK,Oklahoma,,,"79,592",,,,,,
2005,Delamar,NV,Nevada,6/28/2005,8/9/2005,"170,089",L,$0,,,,
2006,Esperanza,CA,California,10/26/2006,11/4/2006,"40,200",H,"$10,600,000",,,,
2005,Tryon Complex,OR,Oregon,8/8/2005,10/7/2005,"42,736",L,$0,,,,
2007,Ranch,CA,California,10/20/2007,10/27/2007,"58,401",U,"$9,000,000",,,,
2005,Meadow Valley,NV,Nevada,6/22/2005,8/10/2005,"146,035",L,$0,,,,
2009,,AZ,Arizona,,,"93,719",,,,,,
2010,,AZ,Arizona,,,"82,677",,,,,,
2012,,AZ,Arizona,,,"77,156",,,,,,
2008,Bridger Fire,CO,Colorado,6/8/2008,7/9/2008,"45,800",L,$0,,,,
2005,Westside Complex,UT,Utah,6/23/2005,6/30/2005,"68,264",L,$0,,,,
2006,South End Complex,OR,Oregon,8/21/2006,8/30/2006,"117,553",L,"$2,550,000",,,,
2005,Frank Church,ID,Idaho,8/1/2005,9/14/2005,"44,328",L,$0,,,,
2007,Poomacha,CA,California,10/23/2007,11/13/2007,"49,410",NR,"$20,658,000",,,,
2007,Lick,CA,California,9/3/2007,9/16/2007,"47,760",H,"$11,859,113",,,,
2007,Zaca Two,CA,California,7/4/2007,10/29/2007,"240,207",H,"$122,533,385",,,,
2007,Moonshine Bay,FL,Florida,2/25/2007,3/6/2007,"43,561",H,"$6,000",,,,
2006,Columbia Complex,OR,Oregon,8/21/2006,10/4/2006,"109,422",L,"$35,400,000",,,,
2006,Spur Peak,WA,Washington,7/3/2006,11/9/2006,"62,173",L,"$14,700",,,,
2005,,TX,Texas,,,"474,673",,"$10,032,927",,,,
2006,East Amarillo Complex,TX,Texas,3/12/2006,3/18/2006,"907,245",NR,$0,,,,
2006,Tatoosh Complex,WA,Washington,8/22/2006,10/4/2006,"51,671",L,"$33,500",,,,
2006,Jarvis,UT,Utah,6/25/2006,8/7/2006,"50,738",H,"$1,500,000",,,,
2009,Nowitna,AK,Alaska,6/13/2009,8/12/2009,"126,582",L,$0,,,,
2005,Valley Road,ID,Idaho,9/3/2005,9/27/2005,"40,868",H,$0,,,,
2007,Witch,CA,California,10/21/2007,11/6/2007,"197,990",H,"$18,000,000",,,,
2013,,AZ,Arizona,,,"74,396",,,,,,
2007,Florida Bugaboo,FL,Florida,5/5/2007,6/21/2007,"108,754",L,"$13,274,082",,,,
2006,Crystal,ID,Idaho,8/15/2006,8/31/2006,"220,042",L,"$1,600,000",,,,
2005,Black Range Complex WFU,NM,New Mexico,5/28/2005,8/5/2005,"80,502",L,$0,,,,
2005,,WY,Wyoming,,,"70,191",,"$15,445,000",,,,
2006,,WY,Wyoming,,,"69,170",,"$13,322,500",,,,
2007,,WY,Wyoming,,,"68,659",,"$12,261,250",,,,
2008,Gunbarrel,WY,Wyoming,7/26/2008,9/8/2008,"68,148",L,"$11,200,000",,,,
2009,,WY,Wyoming,,,"75,640",,"$12,150,000",,,,
2010,,WY,Wyoming,,,"79,386",,"$12,625,000",,,,
2011,,WY,Wyoming,,,"83,132",,"$12,862,500",,,,
2012,Arapaho,WY,Wyoming,6/27/2012,7/16/2012,"98,115",L,"$13,100,000",,,,
2012,Fontenelle,WY,Wyoming,6/24/2012,10/18/2012,"65,220",U,"$12,650,000",,,,
2012,Oil Creek,WY,Wyoming,6/29/2012,7/9/2012,"62,318",NR,"$5,282,964",,,,
2012,Alpine Lake,WY,Wyoming,8/9/2012,10/25/2012,"45,877",L,"$3,850,000",,,,
2013,,WY,Wyoming,,,"45,697",,"$5,058,964",,,,
2005,Esmerelda,NV,Nevada,7/15/2005,7/28/2005,"115,000",L,$0,,,,
2006,Happy Valley,OR,Oregon,7/22/2006,7/28/2006,"68,393",L,"$995,000",,,,
2007,Horse Heaven Complex,WA,Washington,7/13/2007,7/14/2007,"57,400",L,$0,,,,
2006,Foster Gulch Complex,OR,Oregon,7/23/2006,11/9/2006,"53,636",L,"$6,900,000",,,,
2006,Star Mountain,OR,Oregon,8/21/2006,8/27/2006,"43,545",L,$0,,,,
2015,,AZ,Arizona,,,"73,015",,,,,,
2018,,AZ,Arizona,,,"72,325",,,,,,
2011,Bear Springs Callie Marie,CO,Colorado,6/5/2011,6/21/2011,"44,662",L,"$2,500,000",,,,
2009,Zitziana,AK,Alaska,6/17/2009,8/16/2009,"141,125",L,$0,,,,
2007,Monument Complex,OR,Oregon,7/13/2007,8/6/2007,"54,000",L,"$11,600,000",,,,
2005,Wilson Complex,NV,Nevada,7/17/2005,7/20/2005,"57,652",L,$0,,,,
2012,High Park,CO,Colorado,6/9/2012,7/11/2012,"87,284",L,"$38,400,000",,,,
2006,McDonald,NM,New Mexico,3/12/2006,3/16/2006,"92,390",H,"$150,000",,,,
2007,Harris,CA,California,10/21/2007,11/10/2007,"90,440",U,"$21,000,000",,,,
2007,Moonlight,CA,California,9/3/2007,9/25/2007,"64,997",U,"$34,000,000",,,,
2007,Irish Spring,OR,Oregon,8/17/2007,8/31/2007,"47,936",U,"$5,500,000",,,,
2009,Tonclonukna Creek,AK,Alaska,5/23/2009,7/22/2009,"164,318",L,"$2,969,556",,,,
2006,Bear,NM,New Mexico,6/19/2006,7/4/2006,"51,307",U,"$7,000,000",,,,
2012,Last Chance,CO,Colorado,6/25/2012,6/26/2012,"45,000",U,"$10,000",,,,
2007,Wantoma,WA,Washington,8/16/2007,8/21/2007,"69,000",U,"$750,000",,,,
2014,,WY,Wyoming,,,"45,606",,"$5,663,446",,,,
2010,,CA,California,,,"128,518",,,,,,
2006,Ringgold,TX,Texas,1/1/2006,1/8/2006,"42,100",NR,$0,,,,
2008,Klamath Theater,CA,California,6/21/2008,9/26/2008,"192,038",L,"$126,086,065",,,,
2011,,CA,California,,,"177,428",,,,,,
2006,Derby Fire,MT,Montana,8/22/2006,11/6/2006,"223,570",L,"$23,000,000",,,,
2005,Fork,NV,Nevada,6/28/2005,7/4/2005,"43,149",L,$0,,,,
2007,Egley Complex,OR,Oregon,7/6/2007,9/6/2007,"140,359",L,"$16,648,047",,,,
2006,Black Pulaski Complex,MT,Montana,7/16/2006,7/23/2006,"124,905",L,"$3,200,000",,,,
2006,Winters,NV,Nevada,7/25/2006,8/3/2006,"238,458",L,"$2,700,000",,,,
2005,,CO,Colorado,,,"77,308",,,,,,
2006,,CO,Colorado,,,"93,461",,,,,,
2007,Big Turnaround Complex,GA,Georgia,4/16/2007,10/1/2007,"388,017",U,"$29,793,245",,,,
2006,Rocker B,TX,Texas,1/2/2006,1/8/2006,"42,100",NR,$0,,,,
2007,,CO,Colorado,,,"101,538",,,,,,
2008,Basin Complex,CA,California,6/21/2008,7/29/2008,"162,818",L,"$78,096,079",,,,
2006,Pine Ridge Complex,MT,Montana,7/12/2006,7/21/2006,"121,210",L,"$2,800,000",,,,
2006,Charleston Complex,NV,Nevada,8/15/2006,8/31/2006,"190,421",L,$0,,,,
2006,Sheep,NV,Nevada,9/3/2006,9/17/2006,"150,270",L,$0,,,,
2009,Titna River,AK,Alaska,7/11/2009,8/10/2009,"164,542",L,$0,,,,
2008,Iron & Alps Complexes,CA,California,6/21/2008,9/4/2008,"105,805",L,"$73,974,917",,,,
2006,Sailor Cap,ID,Idaho,8/23/2006,8/30/2006,"61,929",H,$0,,,,
2008,Lime Complex,CA,California,6/20/2008,8/30/2008,"99,585",L,"$59,329,698",,,,
2008,SHU Lightning Complex,CA,California,6/21/2008,7/30/2008,"86,500",L,"$56,438,391",,,,
2008,Siskiyou / Blue 2 Complex,CA,California,6/21/2008,9/13/2008,"82,186",L,"$65,692,836",,,,
2009,Big Creek,AK,Alaska,7/18/2009,8/18/2009,"169,639",L,"$820,825",,,,
2008,Indians,CA,California,6/8/2008,7/12/2008,"76,554",H,"$42,500,000",,,,
2006,Bundy Railroad,MT,Montana,7/12/2006,7/23/2006,"91,897",L,"$2,900,000",,,,
2006,Bull Complex,UT,Utah,6/28/2006,7/8/2006,"43,571",L,"$4,300,000",,,,
2007,Battle Creek Complex,OR,Oregon,7/14/2007,11/28/2007,"84,943",L,"$14,827,982",,,,
2008,Panther,CA,California,7/22/2008,10/8/2008,"72,344",L,$0,,,,
2006,Amazon,NV,Nevada,9/3/2006,9/17/2006,"108,564",L,$0,,,,
2007,Ahorn,MT,Montana,7/11/2007,11/30/2007,"52,505",L,"$16,186,343",,,,
2006,Suzie,NV,Nevada,6/25/2006,7/5/2006,"79,859",L,"$2,750,000",,,,
2006,Buckle L 2,TX,Texas,3/12/2006,3/20/2006,"40,000",NR,$0,,,,
2006,Ola Complex,ID,Idaho,8/11/2006,8/16/2006,"58,555",L,"$2,500,000",,,,
2009,Little Black One,AK,Alaska,6/20/2009,8/19/2009,"349,450",L,$0,,,,
2009,,CO,Colorado,,,"105,577",,,,,,
2010,,CO,Colorado,,,"107,596",,,,,,
2014,,CO,Colorado,,,"108,605",,,,,,
2015,,CO,Colorado,,,"109,110",,,,,,
2016,,CO,Colorado,,,"109,363",,,,,,
2017,,CO,Colorado,,,"109,489",,,,,,
2019,,CO,Colorado,,,"109,552",,,,,,
2005,,SD,South Dakota,,,"46,341",,,,,,
2005,,FL,Florida,,,"95,677",,,,,,
2008,,FL,Florida,,,"89,139",,,,,,
2009,,FL,Florida,,,"85,869",,,,,,
2006,,SD,South Dakota,,,"46,341",,,,,,
2007,,SD,South Dakota,,,"44,990",,,,,,
2007,Skyland,MT,Montana,7/23/2007,10/1/2007,"45,760",L,"$17,885,000",,,,
2010,,FL,Florida,,,"84,235",,,,,,
2009,Dry Creek Complex,WA,Washington,8/20/2009,8/24/2009,"48,902",L,"$870,000",,,,
2008,BTU Lightning Complex,CA,California,6/21/2008,10/22/2008,"64,995",L,"$94,825,683",,,,
2006,South Fork Complex,ID,Idaho,8/8/2006,11/30/2006,"52,690",L,$0,,,,
2008,Ukonom-South Complex,CA,California,6/20/2008,11/5/2008,"58,871",L,$0,,,,
2012,,FL,Florida,,,"83,417",,,,,,
2005,Edge Complex,AZ,Arizona,7/15/2005,7/30/2005,"71,635",L,$0,,,,
2005,Tank Complex,AZ,Arizona,7/19/2005,7/27/2005,"69,934",L,$0,,,,
2009,Crazy Mountain Complex,AK,Alaska,6/20/2009,8/19/2009,"447,420",L,$0,,,,
2007,Meriwether,MT,Montana,7/21/2007,10/24/2007,"43,296",L,"$9,500,000",,,,
2009,Minto Flats South,AK,Alaska,6/21/2009,7/21/2009,"517,078",L,$0,,,,
2006,Rattlesnake Complex,ID,Idaho,8/21/2006,11/21/2006,"43,600",L,"$18,000,000",,,,
2007,Chippy Creek,MT,Montana,7/31/2007,9/8/2007,"99,090",U,"$19,870,000",,,,
2006,Hambly Complex,NV,Nevada,7/23/2006,8/8/2006,"52,000",L,"$1,740,442",,,,
2009,Railbelt Complex,AK,Alaska,6/21/2009,8/20/2009,"636,224",L,$0,,,,
2010,Toklat,AK,Alaska,5/16/2010,6/4/2010,"171,727",L,"$2,109,186",,,,
2006,Oklahoma Fire Response,OK,Oklahoma,1/1/2006,3/23/2006,"117,686",U,"$9,600,000",,,,
2006,Heavens Gate Complex,ID,Idaho,8/21/2006,9/20/2006,"42,300",L,"$6,650,000",,,,
2013,,FL,Florida,,,"83,009",,,,,,
2008,MEU Lightning Complex,CA,California,6/20/2008,12/1/2008,"54,819",L,"$66,000,000",,,,
2006,Basco,NV,Nevada,7/26/2006,8/3/2006,"47,236",L,"$1,872,000",,,,
2010,Turquoise Lake,AK,Alaska,5/18/2010,9/7/2010,"91,885",H,"$317,515",,,,
2006,Gass Complex,NV,Nevada,6/30/2006,7/8/2006,"40,402",L,"$974,000",,,,
2010,Big Mountain,AK,Alaska,6/2/2010,9/2/2010,"83,746",L,$0,,,,
2007,,OK,Oklahoma,,,"79,592",,,,,,
2006,Middle Fork Complex,ID,Idaho,8/9/2006,9/19/2006,"41,978",L,"$2,601,480",,,,
2008,Canyon Complex,CA,California,6/21/2008,11/3/2008,"47,680",L,$0,,,,
2009,La Brea,CA,California,8/8/2009,10/5/2009,"89,489",H,$0,,,,
2005,Goldwater,AZ,Arizona,6/17/2005,6/25/2005,"58,536",H,$0,,,,
2015,,WY,Wyoming,,,"45,561",,"$5,965,687",,,,
2007,,TX,Texas,,,"129,778",,,,,,
2008,Glass Fire,TX,Texas,2/25/2008,3/2/2008,"219,556",H,$0,,,,
2010,Pat Creek,AK,Alaska,6/25/2010,12/30/2010,"72,692",L,"$11,622,393",,,,
2014,,FL,Florida,,,"82,804",,,,,,
2015,,FL,Florida,,,"82,702",,,,,,
2016,,FL,Florida,,,"82,651",,,,,,
2010,Lone Mountain,AK,Alaska,5/29/2010,12/22/2010,"51,996",L,"$10,044",,,,
2010,Bull Creek,AK,Alaska,5/31/2010,6/25/2010,"41,911",L,$0,,,,
2007,Chimney Complex,ID,Idaho,7/13/2007,8/17/2007,"51,000",L,"$7,409,000",,,,
2011,East Volkmar,AK,Alaska,5/26/2011,8/10/2011,"54,217",L,"$6,912,031",,,,
2017,,FL,Florida,,,"82,626",,,,,,
2012,Uvgoon Creek #1,AK,Alaska,7/3/2012,11/6/2012,"49,305",L,"$189,325",,,,
2012,Dry Creek,AK,Alaska,6/23/2012,11/15/2012,"47,154",L,"$15,000",,,,
2009,Station,CA,California,8/26/2009,11/22/2009,"160,577",H,"$95,510,000",,,,
2012,Barker Canyon Complex,WA,Washington,9/8/2012,9/15/2012,"81,155",L,"$2,290,268",,,,
2013,Lime Hills,AK,Alaska,5/31/2013,8/29/2013,"201,808",L,"$2,883,457",,,,
2013,Moore Creek,AK,Alaska,6/2/2013,8/29/2013,"157,747",L,"$371,499",,,,
2013,Stuart Creek #2,AK,Alaska,6/19/2013,8/23/2013,"87,064",H,"$20,984,698",,,,
2011,High Cascades,OR,Oregon,8/24/2011,9/21/2011,"108,154",L,"$28,294,465",,,,
2013,Mississippi,AK,Alaska,5/30/2013,11/2/2013,"67,338",H,"$5,220,000",,,,
2011,Hancock Complex,OR,Oregon,8/24/2011,9/16/2011,"57,597",L,"$2,896,867",,,,
2013,Beaver Log Lakes,AK,Alaska,6/22/2013,8/28/2013,"64,499",L,"$1,847,258",,,,
2013,Prospect Creek,AK,Alaska,6/20/2013,9/3/2013,"64,078",L,"$98,377",,,,
2007,Moose Creek WFU,ID,Idaho,8/3/2007,10/17/2007,"48,630",L,"$295,183",,,,
2013,Sandless Lake,AK,Alaska,6/25/2013,9/3/2013,"62,318",L,"$10,000",,,,
2007,Castle Rock,ID,Idaho,8/16/2007,10/22/2007,"48,520",L,"$25,000,000",,,,
2012,Wenatchee Complex,WA,Washington,9/9/2012,10/30/2012,"56,478",L,"$32,394,876",,,,
2007,Landmark Complex,ID,Idaho,8/8/2007,8/23/2007,"47,270",L,"$15,000,000",,,,
2012,Long Draw,OR,Oregon,7/8/2012,7/30/2012,"557,628",L,"$4,360,000",,,,
2013,Sulatna River,AK,Alaska,6/21/2013,8/28/2013,"47,588",L,"$7,000",,,,
2005,,GA,Georgia,,,"235,270",,,,,,
2006,,GA,Georgia,,,"158,897",,,,,,
2012,Rush,CA,California,8/12/2012,9/4/2012,"315,577",L,"$15,170,000",,,,
2012,Table Mountain,WA,Washington,9/8/2012,10/19/2012,"42,312",L,"$195,000",,,,
2012,Chips,CA,California,7/29/2012,9/8/2012,"75,431",U,"$53,300,000",,,,
2013,Colockum Tarps,WA,Washington,7/27/2013,8/18/2013,"80,184",H,"$11,000,000",,,,
2012,Lost,CA,California,8/5/2012,8/12/2012,"61,541",L,"$3,700,000",,,,
2012,Bagley,CA,California,8/18/2012,9/22/2012,"46,011",L,"$37,063,416",,,,
2007,Sawmill Complex,MT,Montana,7/31/2007,11/1/2007,"68,500",L,"$20,864,000",,,,
2013,Chisana River,AK,Alaska,5/31/2013,10/23/2013,"46,638",L,"$35,776",,,,
2012,Holloway,OR,Oregon,8/5/2012,8/23/2012,"460,850",L,"$9,166,719",,,,
2014,Funny River,AK,Alaska,5/19/2014,8/14/2014,"195,858",H,"$11,496,627",,,,
2015,Tanana Area Fires,AK,Alaska,6/19/2015,8/6/2015,"498,043",L,"$14,049,552",,,,
2014,Carlton Complex,WA,Washington,7/14/2014,8/28/2014,"256,108",L,"$68,800,000",,,,
2015,Ruby Area Fires,AK,Alaska,7/2/2015,8/4/2015,"421,613",L,"$2,845,925",,,,
2015,Sushgitit Hills,AK,Alaska,6/21/2015,8/15/2015,"270,747",L,"$51,000",,,,
2015,Holtnakatna,AK,Alaska,6/22/2015,7/6/2015,"198,133",L,$0,,,,
2007,Fool Creek,MT,Montana,6/28/2007,11/30/2007,"60,038",L,"$4,426,873",,,,
2015,North Star,WA,Washington,8/13/2015,11/30/2015,"218,138",H,"$45,000,000",,,,
2015,Aniak Complex,AK,Alaska,7/4/2015,7/19/2015,"157,783",L,"$6,492,120",,,,
2012,Miller Homestead,OR,Oregon,7/8/2012,9/21/2012,"160,853",L,"$6,000,000",,,,
2015,Rock,AK,Alaska,6/19/2015,8/15/2015,"142,637",L,"$1,694,868",,,,
2015,Isahultila,AK,Alaska,6/21/2015,8/15/2015,"128,617",L,"$10,000",,,,
2015,Sea,AK,Alaska,6/19/2015,8/8/2015,"111,193",L,"$7,000",,,,
2015,Big Mud River 1,AK,Alaska,6/21/2015,8/8/2015,"103,170",L,"$5,000",,,,
2015,Iditarod River,AK,Alaska,6/20/2015,7/25/2015,"98,183",L,"$282,298",,,,
2015,Blazo,AK,Alaska,6/19/2015,7/7/2015,"96,644",L,$0,,,,
2015,Munsatli 2,AK,Alaska,7/4/2015,8/2/2015,"95,679",L,"$6,000",,,,
2015,Torment Creek,AK,Alaska,6/20/2015,8/4/2015,"81,468",L,"$7,000",,,,
2015,Kutokbuna Lake,AK,Alaska,6/21/2015,7/2/2015,"68,320",L,"$82,167",,,,
2012,Barry Point,OR,Oregon,8/6/2012,9/17/2012,"93,071",L,"$23,247,235",,,,
2015,Okanogan Complex,WA,Washington,8/14/2015,9/29/2015,"145,282",L,$0,,,,
2015,Three Day,AK,Alaska,6/19/2015,7/7/2015,"66,703",L,$0,,,,
2012,North Pass,CA,California,8/18/2012,9/17/2012,"41,983",L,"$30,493,184",,,,
2013,Rim,CA,California,8/17/2013,10/24/2013,"257,314",U,"$127,350,000",,,,
2006,Warm Fire,AZ,Arizona,6/8/2006,8/2/2006,"58,630",L,"$7,100,000",,,,
2007,Tongue Complex,ID,Idaho,7/6/2007,7/28/2007,"46,680",L,$0,,,,
2014,Happy Camp Complex,CA,California,8/14/2014,12/4/2014,"134,056",L,"$88,214,725",,,,
2012,Cache Creek,OR,Oregon,8/20/2012,10/23/2012,"73,697",L,"$11,250,000",,,,
2014,King,CA,California,9/13/2014,10/9/2014,"97,717",H,"$119,000,000",,,,
2015,Lloyd,AK,Alaska,6/24/2015,8/14/2015,"66,267",L,"$603,744",,,,
2015,West Fork,AK,Alaska,6/19/2015,7/25/2015,"58,335",L,"$4,000",,,,
2007,Red Bridge,ID,Idaho,7/6/2007,7/12/2007,"45,862",H,$0,,,,
2008,Stiles Complex,NM,New Mexico,3/14/2008,3/16/2008,"67,008",H,"$71,644",,,,
2007,Bridge,ID,Idaho,7/25/2007,12/3/2007,"44,100",L,"$401,815",,,,
2007,Confluence Complex,ID,Idaho,8/31/2007,9/7/2007,"40,134",L,"$1,078,949",,,,
2013,West Fork Complex,CO,Colorado,6/5/2013,10/31/2013,"109,615",L,"$31,261,047",,,,
2015,Dulbi River,AK,Alaska,6/19/2015,6/25/2015,"56,687",L,$0,,,,
2015,Chelan Complex,WA,Washington,8/14/2015,9/20/2015,"88,985",U,"$10,000,000",,,,
2015,Tobatokh,AK,Alaska,6/22/2015,7/1/2015,"54,036",L,"$2,000",,,,
2015,Hardpac Creek,AK,Alaska,6/21/2015,8/3/2015,"50,482",L,"$3,000",,,,
2015,Chitanana River,AK,Alaska,6/21/2015,7/11/2015,"49,540",L,"$1,000",,,,
2015,Can Creek,AK,Alaska,6/1/2015,7/17/2015,"48,729",L,"$18,945",,,,
2013,Sunnyside Turnoff,OR,Oregon,7/20/2013,9/3/2013,"51,340",H,"$4,000,000",,,,
2013,Douglas Complex,OR,Oregon,7/26/2013,10/18/2013,"48,679",L,"$55,000,000",,,,
2015,Glacier,AK,Alaska,6/23/2015,7/28/2015,"47,333",L,"$4,000",,,,
2015,Eden Creek,AK,Alaska,6/25/2015,8/14/2015,"45,995",L,"$71,650",,,,
2013,Owyhee,OR,Oregon,7/1/2013,7/8/2013,"46,559",L,"$1,843,801",,,,
2008,Dunn Mtn. Assist,MT,Montana,8/21/2008,9/2/2008,"102,383",L,"$2,900,000",,,,
2014,Buzzard Complex,OR,Oregon,7/14/2014,9/11/2014,"395,747",L,"$11,062,411",,,,
2014,Shaniko Butte,OR,Oregon,7/12/2014,9/25/2014,"42,044",L,"$5,200,000",,,,
2007,Murphy Complex,ID,Idaho,7/16/2007,9/27/2007,"652,016",L,"$13,000,000",,,,
2014,July Complex,CA,California,8/3/2014,9/25/2014,"50,042",L,"$50,295,981",,,,
2008,Rocky,NM,New Mexico,6/18/2008,6/25/2008,"49,132",L,"$2,158,700",,,,
2008,,GA,Georgia,,,"120,710",,,,,,
2009,,GA,Georgia,,,"101,616",,,,,,
2011,Diamond Complex,MT,Montana,8/22/2011,9/3/2011,"52,710",L,"$4,982,582",,,,
2007,Cascade Complex,ID,Idaho,7/17/2007,10/19/2007,"302,376",L,"$53,240,816",,,,
2007,East Zone Complex,ID,Idaho,7/7/2007,11/28/2007,"300,022",L,"$33,000,000",,,,
2012,Ash Creek,MT,Montana,6/25/2012,7/11/2012,"249,562",L,"$7,500,000",,,,
2015,Canyon Creek Complex,OR,Oregon,8/12/2015,10/29/2015,"110,261",L,"$31,453,602",,,,
2007,Shower Bath Complex,ID,Idaho,8/1/2007,9/14/2007,"122,600",L,"$5,215,000",,,,
2007,Rattlesnake,ID,Idaho,7/13/2007,11/20/2007,"102,000",L,"$17,800,000",,,,
2012,Rosebud Creek Complex,MT,Montana,8/1/2012,8/16/2012,"171,444",L,"$9,000,000",,,,
2007,Neola North,UT,Utah,6/29/2007,7/27/2007,"43,831",U,"$8,050,000",,,,
2016,Maple,WY,Wyoming,8/8/2016,10/27/2016,"45,516",L,"$6,267,928",,,,
2007,Krassel Complex,ID,Idaho,6/17/2007,10/16/2007,"85,700",L,"$2,775,000",,,,
2015,Cornet-Windy Ridge,OR,Oregon,8/11/2015,10/27/2015,"102,089",U,"$6,010,000",,,,
2010,,GA,Georgia,,,"92,070",,,,,,
2012,,GA,Georgia,,,"87,296",,,,,,
2013,,GA,Georgia,,,"84,910",,,,,,
2014,,GA,Georgia,,,"83,716",,,,,,
2018,Spring Creek,CO,Colorado,6/27/2018,9/6/2018,"108,045",H,"$35,000,000",,,,
2012,Region 23 Complex,NE,Nebraska,8/28/2012,9/9/2012,"86,201",L,"$5,300,000",,,,
2012,Chalky,MT,Montana,8/1/2012,8/3/2012,"131,000",L,"$50,000",,,,
2015,Kettle Complex,WA,Washington,8/11/2015,9/27/2015,"76,512",L,$0,,,,
2012,Wellnitz,NE,Nebraska,8/29/2012,9/6/2012,"77,683",L,"$1,300,000",,,,
2012,Region 24 Complex,NE,Nebraska,7/20/2012,7/29/2012,"76,242",L,"$3,251,141",,,,
2012,Sarpy Hills Complex,MT,Montana,7/31/2012,8/9/2012,"82,000",L,"$4,120,000",,,,
2015,Rough,CA,California,7/31/2015,10/12/2015,"151,623",L,"$120,930,243",,,,
2015,Grizzly Bear Complex,OR,Oregon,8/13/2015,10/30/2015,"83,148",L,"$20,968,610",,,,
2007,Black Pine 2,ID,Idaho,7/6/2007,9/13/2007,"73,148",L,$0,,,,
2017,,WY,Wyoming,,,"53,514",,"$18,133,964",,,,
2018,Roosevelt,WY,Wyoming,9/15/2018,10/6/2018,"61,511",U,"$30,000,000",,,,
2015,River Complex,CA,California,7/30/2015,9/25/2015,"77,081",L,"$32,678,783",,,,
2008,,OK,Oklahoma,,,"60,544",,,,,,
2015,,GA,Georgia,,,"83,120",,,,,,
2016,,GA,Georgia,,,"82,821",,,,,,
2009,Chester,OK,Oklahoma,7/10/2009,7/17/2009,"41,497",U,"$250,000",,,,
2018,,GA,Georgia,,,"82,672",,,,,,
2019,,GA,Georgia,,,"82,598",,,,,,
2008,,ID,Idaho,,,"67,870",,,,,,
2009,Putnam,OK,Oklahoma,3/5/2009,3/11/2009,"52,790",NR,$0,,,,
2009,Loco/Healdton,OK,Oklahoma,4/9/2009,4/15/2009,"56,688",U,$0,,,,
2015,Wolverine,WA,Washington,6/29/2015,10/3/2015,"72,123",L,"$35,000,000",,,,
2007,West Basin,NV,Nevada,7/6/2007,7/8/2007,"50,000",L,$0,,,,
2007,Red Bluff,ID,Idaho,7/17/2007,9/14/2007,"62,591",L,$0,,,,
2012,Keith County Complex,NE,Nebraska,8/2/2012,8/5/2012,"50,000",L,"$20,000",,,,
2015,Old Woman,AK,Alaska,6/20/2015,7/7/2015,"44,098",L,$0,,,,
2007,Poe Cabin,ID,Idaho,7/18/2007,10/17/2007,"58,520",L,"$15,400,000",,,,
2007,Milford Flat,UT,Utah,7/6/2007,8/3/2007,"363,052",L,"$5,050,000",,,,
2009,,ID,Idaho,,,"182,317",,,,,,
2015,Zane Hills,AK,Alaska,6/20/2015,7/3/2015,"43,760",L,$0,,,,
2015,Valley,CA,California,9/12/2015,10/5/2015,"76,067",U,"$56,220,000",,,,
2018,Terek,WY,Wyoming,7/8/2018,7/13/2018,"42,267",L,"$890,000",,,,
2018,416,CO,Colorado,6/1/2018,7/31/2018,"54,129",U,"$39,541,000",,,,
2009,Cato,NM,New Mexico,6/10/2009,6/13/2009,"55,080",L,"$460,000",,,,
2005,,MT,Montana,,,"78,751",,,,,,
2009,,MT,Montana,,,"77,126",,,,,,
2010,,MT,Montana,,,"76,313",,,,,,
2010,Long Butte,ID,Idaho,8/21/2010,9/3/2010,"306,113",L,"$4,225,000",,,,
2009,Big Pole,UT,Utah,8/6/2009,11/9/2009,"44,345",L,$0,,,,
2007,Winecup Complex,NV,Nevada,7/17/2007,8/2/2007,"163,767",L,"$4,650,000",,,,
2015,Carpenter Road,WA,Washington,8/14/2015,12/16/2015,"63,972",H,"$22,650,000",,,,
2015,Butte,CA,California,9/9/2015,9/30/2015,"70,868",U,"$74,720,784",,,,
2012,Southeastern Montana Complex,MT,Montana,7/3/2012,7/11/2012,"75,501",L,"$5,105,000",,,,
2014,,MT,Montana,,,"58,077",,,,,,
2016,,MT,Montana,,,"49,365",,,,,,
2018,,MT,Montana,,,"45,009",,,,,,
2019,,MT,Montana,,,"42,831",,,,,,
2011,Wallow,AZ,Arizona,5/29/2011,7/8/2011,"538,049",U,"$109,000,000",,,,
2008,Huckabee,TX,Texas,4/30/2008,5/8/2008,"98,200",U,$0,,,,
2007,Sweat Farm Road,GA,Georgia,4/16/2007,6/30/2007,"82,523",U,"$28,395,250",,,,
2011,Horseshoe 2,AZ,Arizona,5/8/2011,7/20/2011,"222,954",H,"$52,000,000",,,,
2008,Highway 322,TX,Texas,3/14/2008,3/19/2008,"67,500",H,$0,,,,
2008,Porter,TX,Texas,3/14/2008,3/21/2008,"51,400",NR,$0,,,,
2008,Hughes Ranch,TX,Texas,6/4/2008,6/9/2008,"45,241",U,$0,,,,
2009,Pasco,NM,New Mexico,6/10/2009,6/23/2009,"93,029",L,"$450,000",,,,
2009,,TX,Texas,,,"179,843",,,,,,
2010,,TX,Texas,,,"247,143",,,,,,
2011,Rock House,TX,Texas,4/9/2011,5/12/2011,"314,444",H,"$8,399,072",,,,
2011,Deaton Cole,TX,Texas,4/25/2011,5/11/2011,"175,000",U,$0,,,,
2007,Antelope Complex,NV,Nevada,7/16/2007,7/27/2007,"136,778",L,$0,,,,
2015,County Line 2,OR,Oregon,8/12/2015,8/31/2015,"67,207",U,"$16,400,000",,,,
2011,Cooper Mountain Ranch,TX,Texas,4/11/2011,4/23/2011,"162,625",L,"$1,194,159",,,,
2010,,NV,Nevada,,,"116,574",,,,,,
2011,Pagami Creek,MN,Minnesota,8/17/2011,10/22/2011,"92,193",L,"$22,700,000",,,,
2011,Wildcat,TX,Texas,4/11/2011,5/2/2011,"159,308",L,"$5,282,333",,,,
2011,Las Conchas,NM,New Mexico,6/26/2011,7/13/2011,"156,593",H,"$48,385,000",,,,
2011,Pk Complex,TX,Texas,4/13/2011,5/12/2011,"126,734",H,"$6,639,413",,,,
2011,Swenson,TX,Texas,4/6/2011,4/23/2011,"122,500",H,"$2,567,948",,,,
2011,Southeast Texas Complex,TX,Texas,9/7/2011,11/18/2011,"104,818",U,"$20,065,853",,,,
2011,Dickens County Complex,TX,Texas,5/7/2011,5/21/2011,"89,200",L,$0,,,,
2007,Bugaboo Fire,FL,Florida,5/8/2007,5/11/2007,"82,600",U,$0,,,,
2011,Murphy Complex,AZ,Arizona,5/30/2011,6/15/2011,"68,079",H,"$5,692,555",,,,
2010,Jefferson,ID,Idaho,7/13/2010,7/17/2010,"109,436",H,"$700,819",,,,
2011,Donaldson,NM,New Mexico,6/28/2011,7/9/2011,"101,563",L,"$5,700,000",,,,
2011,Iron Mountain,TX,Texas,5/9/2011,5/24/2011,"87,401",U,$0,,,,
2015,Bendire Complex,OR,Oregon,8/11/2015,9/15/2015,"49,628",L,"$4,820,000",,,,
2015,Why Lake,AK,Alaska,6/19/2015,7/2/2015,"42,767",L,"$13,348",,,,
2011,Schwartz,TX,Texas,5/7/2011,5/24/2011,"83,995",U,$0,,,,
2011,Miller,NM,New Mexico,4/28/2011,6/14/2011,"88,835",H,"$18,100,000",,,,
2012,Delphia,MT,Montana,8/24/2012,9/1/2012,"40,653",L,"$2,450,000",,,,
2011,Frying Pan Ranch,TX,Texas,4/14/2011,4/20/2011,"80,907",U,"$277,072",,,,
2011,Big Hill,ID,Idaho,8/14/2011,8/17/2011,"67,000",L,"$150,000",,,,
2007,Wildhorse Zone,NV,Nevada,7/16/2007,8/27/2007,"96,370",L,$0,,,,
2011,Pains Bay,NC,North Carolina,5/5/2011,6/28/2011,"45,294",L,"$13,934,482",,,,
2018,Badger Hole,CO,Colorado,4/17/2018,4/22/2018,"50,671",H,"$131,444",,,,
2007,Highway 93 Complex,NV,Nevada,7/6/2007,7/28/2007,"80,629",L,"$2,726,705",,,,
2011,White Hat,TX,Texas,6/20/2011,7/1/2011,"72,473",U,$0,,,,
2011,Crawford Ranch,TX,Texas,4/9/2011,4/12/2011,"60,000",U,$0,,,,
2011,Killough,TX,Texas,4/9/2011,4/16/2011,"54,000",U,$0,,,,
2011,Stanton County,KS,Kansas,3/22/2011,3/28/2011,"40,000",H,$0,,,,
2011,T17,ID,Idaho,8/25/2011,8/27/2011,"50,176",U,"$410,000",,,,
2015,Kuka Creek 4,AK,Alaska,6/22/2015,7/24/2015,"41,628",L,"$4,700",,,,
2012,Mustang Complex,ID,Idaho,7/30/2012,10/18/2012,"341,488",L,"$38,323,413",,,,
2015,Carlson Lake,AK,Alaska,6/25/2015,8/10/2015,"40,257",L,"$45,362",,,,
2016,Alatna Complex,AK,Alaska,6/28/2016,7/24/2016,"113,157",L,"$1,040,018",,,,
2016,Dulbi Flats,AK,Alaska,6/26/2016,8/26/2016,"58,138",L,$0,,,,
2016,Big Mud,AK,Alaska,6/1/2016,6/19/2016,"42,641",L,"$59,268",,,,
2010,Twitchell Canyon,UT,Utah,7/20/2010,11/18/2010,"44,892",L,"$17,363,000",,,,
2013,,NV,Nevada,,,"75,985",,,,,,
2012,Clay Springs,UT,Utah,6/27/2012,7/24/2012,"107,847",U,"$6,659,000",,,,
2012,Seeley,UT,Utah,6/26/2012,8/17/2012,"48,050",L,"$8,699,000",,,,
2012,Wood Hollow,UT,Utah,6/23/2012,7/19/2012,"47,387",U,"$5,787,095",,,,
2012,Dallas Canyon,UT,Utah,7/27/2012,8/3/2012,"43,610",L,"$1,854,802",,,,
2014,,NV,Nevada,,,"73,662",,,,,,
2015,,NV,Nevada,,,"72,501",,,,,,
2017,Campbell River,AK,Alaska,6/26/2017,10/12/2017,"93,520",L,"$1,056,688",,,,
2010,,OK,Oklahoma,,,"57,594",,,,,,
2017,White Mountain Creek,AK,Alaska,7/3/2017,10/5/2017,"78,857",L,"$96,310",,,,
2019,,NV,Nevada,,,"71,921",,,,,,
2015,Cougar Creek,WA,Washington,8/10/2015,10/17/2015,"53,534",L,"$23,500,000",,,,
2017,Nowitna,AK,Alaska,7/14/2017,8/31/2017,"55,254",L,"$307,802",,,,
2011,,OK,Oklahoma,,,"58,047",,,,,,
2007,Red House Complex,NV,Nevada,7/17/2007,7/28/2007,"71,340",L,$0,,,,
2011,Enterprise,NM,New Mexico,2/27/2011,2/28/2011,"64,936",H,"$37,000",,,,
2017,Bear Mountain,AK,Alaska,7/9/2017,11/16/2017,"46,715",L,$0,,,,
2012,Freedom Hill,OK,Oklahoma,8/3/2012,8/20/2012,"58,500",H,"$200,000",,,,
2017,Umpqua North Complex,AK,Alaska,8/11/2017,10/12/2017,"43,158",U,"$42,890,561",,,,
2017,Boulder Creek,AK,Alaska,7/2/2017,10/12/2017,"40,906",L,"$917,520",,,,
2017,Helmet,AK,Alaska,7/6/2017,8/24/2017,"40,202",L,"$26,978",,,,
2015,Rocky,CA,California,7/29/2015,8/14/2015,"69,438",U,"$46,100,000",,,,
2011,Last Chance,NM,New Mexico,4/24/2011,5/9/2011,"53,342",H,"$2,062,400",,,,
2018,Zitziana River,AK,Alaska,6/4/2018,9/7/2018,"69,332",L,"$2,440,527",,,,
2018,Mooseheart,AK,Alaska,6/7/2018,7/5/2018,"53,643",L,"$10,000",,,,
2018,Dulby Hot Springs,AK,Alaska,6/6/2018,9/1/2018,"44,364",L,"$40,000",,,,
2019,Old Grouch Top,AK,Alaska,6/5/2019,8/1/2019,"307,969",L,"$61,000",,,,
2016,Soberanes,CA,California,7/22/2016,10/23/2016,"132,127",H,"$262,500,000",,,,
2019,Frozen Calf,AK,Alaska,6/24/2019,7/11/2019,"240,543",L,"$4,332,806",,,,
2019,Hess Creek,AK,Alaska,6/21/2019,8/1/2019,"189,369",L,"$3,005,369",,,,
2019,Swan Lake,AK,Alaska,6/5/2019,10/2/2019,"167,183",L,"$48,101,094",,,,
2019,Bearnose Hill,AK,Alaska,6/29/2019,7/11/2019,"130,768",L,"$2,108,024",,,,
2019,Black River,AK,Alaska,6/18/2019,8/8/2019,"107,078",L,"$30,000",,,,
2019,North River,AK,Alaska,6/10/2019,7/21/2019,"101,451",L,"$40,000",,,,
2019,Tractor Trail 2,AK,Alaska,6/22/2019,7/11/2019,"92,628",L,"$461,188",,,,
2011,Northeast Texas Complex,TX,Texas,9/4/2011,9/29/2011,"52,681",U,"$3,958,900",,,,
2016,Erskine,CA,California,6/23/2016,7/7/2016,"48,019",U,"$23,000,000",,,,
2016,Chimney,CA,California,8/13/2016,9/5/2016,"46,344",U,"$78,300,000",,,,
2017,Thomas,CA,California,12/4/2017,3/22/2018,"270,000",U,"$123,836,000",,,,
2013,Gold Pan Complex,MT,Montana,7/16/2013,10/3/2013,"43,429",L,"$11,860,878",,,,
2017,Central LNU Complex,CA,California,10/9/2017,10/10/2017,"110,720",U,"$102,000,000",,,,
2011,Matador West,TX,Texas,2/27/2011,3/2/2011,"41,000",U,$0,,,,
2017,Oak,CA,California,8/12/2017,9/23/2017,"86,830",L,$0,,,,
2017,Long Valley,CA,California,7/11/2017,7/21/2017,"83,733",U,"$11,953,000",,,,
2017,Modoc July Complex,CA,California,7/24/2017,8/13/2017,"83,120",U,"$35,200,000",,,,
2017,Detwiler,CA,California,7/16/2017,8/7/2017,"81,826",U,"$90,000,000",,,,
2019,,WY,Wyoming,,,"56,229",,"$8,167,500",,,,
2011,Roper,TX,Texas,4/11/2011,4/13/2011,"41,000",U,"$82,000",,,,
2012,Whitewater-Baldy,NM,New Mexico,5/16/2012,7/31/2012,"297,845",L,"$23,000,000",,,,
2017,Eclipse Complex,CA,California,8/15/2017,10/8/2017,"78,698",U,"$46,006,691",,,,
2017,Salmon August Complex,CA,California,8/13/2017,10/4/2017,"65,889",U,"$39,805,700",,,,
2017,Southern LNU Complex,CA,California,10/9/2017,10/27/2017,"51,624",U,"$48,509,895",,,,
2007,Tungsten,NV,Nevada,7/6/2007,7/25/2007,"61,951",L,$0,,,,
2011,#536 Bear Creek,TX,Texas,9/4/2011,9/10/2011,"40,388",U,"$48,400",,,,
2012,Little Bear,NM,New Mexico,6/4/2012,7/2/2012,"44,330",L,"$19,404,877",,,,
2018,MM 117,CO,Colorado,4/17/2018,4/20/2018,"42,795",H,"$775,000",,,,
2017,Garza,CA,California,7/9/2017,7/10/2017,"48,889",U,"$15,453,433",,,,
2007,,NM,New Mexico,,,"91,438",,,,,,
2012,,TX,Texas,,,"42,542",,,,,,
2013,,TX,Texas,,,"43,619",,,,,,
2014,,TX,Texas,,,"44,158",,,,,,
2015,,TX,Texas,,,"44,427",,,,,,
2016,Crutch Complex,TX,Texas,3/24/2016,3/24/2016,"44,696",U,$0,,,,
2008,Evans Road,NC,North Carolina,6/1/2008,9/29/2008,"40,704",L,"$18,249,415",,,,
2018,Mendocino Complex,CA,California,7/27/2018,9/18/2018,"459,123",U,"$220,000,000",,,,
2016,Range 12,WA,Washington,7/30/2016,8/8/2016,"176,600",U,"$1,700,000",,,,
2019,Hurst Creek,AK,Alaska,6/22/2019,7/4/2019,"85,261",L,"$231,175",,,,
2016,Rail,OR,Oregon,7/31/2016,9/29/2016,"41,706",U,"$34,900,000",,,,
2010,,NM,New Mexico,,,"114,992",,,,,,
2015,Bear Creek,MT,Montana,8/12/2015,10/22/2015,"69,435",L,"$3,300,000",,,,
2012,Kinyon Road,ID,Idaho,7/7/2012,7/19/2012,"210,874",L,"$1,625,000",,,,
2007,Hepworth Complex,NV,Nevada,7/16/2007,8/2/2007,"58,427",L,$0,,,,
2018,Carr,CA,California,7/23/2018,8/30/2018,"229,651",U,"$162,289,294",,,,
2012,Halstead,ID,Idaho,7/27/2012,10/18/2012,"181,948",L,"$26,413,932",,,,
2012,Trinity Ridge,ID,Idaho,8/3/2012,10/18/2012,"146,832",H,"$41,228,912",,,,
2017,Chetco Bar,OR,Oregon,7/12/2017,10/26/2017,"191,125",L,"$72,000,000",,,,
2018,Camp,CA,California,11/8/2018,11/25/2018,"153,336",U,"$120,000,000",,,,
2012,Flat Top 2,ID,Idaho,8/5/2012,8/13/2012,"140,954",L,"$600,000",,,,
2012,Minidoka Complex,ID,Idaho,8/8/2012,8/23/2012,"97,616",L,"$5,801,271",,,,
2012,Powell SBW Complex,ID,Idaho,7/20/2012,11/5/2012,"67,611",L,"$4,882,375",,,,
2015,Family Peak Complex,MT,Montana,8/13/2015,10/17/2015,"53,890",L,"$4,205,000",,,,
2012,Jacks,ID,Idaho,7/9/2012,7/20/2012,"50,816",L,"$300,000",,,,
2014,,NM,New Mexico,,,"126,769",,,,,,
2007,BICY Complex,FL,Florida,5/4/2007,6/16/2007,"63,599",L,"$7,424,976",,,,
2015,,NM,New Mexico,,,"132,658",,,,,,
2017,Lodgepole Complex,MT,Montana,7/20/2017,8/11/2017,"270,000",U,"$9,800,000",,,,
2012,Sheep,ID,Idaho,9/6/2012,11/6/2012,"48,626",H,"$18,000,000",,,,
2012,McGuire Complex,ID,Idaho,8/27/2012,10/29/2012,"43,621",L,"$24,741,628",,,,
2017,,NM,New Mexico,,,"135,602",,,,,,
2019,,NM,New Mexico,,,"137,074",,,,,,
2013,,OK,Oklahoma,,,"213,120",,,,,,
2011,Honey Prairie,GA,Georgia,4/30/2011,12/28/2011,"309,200",L,"$53,420,000",,,,
2014,,OK,Oklahoma,,,"290,430",,,,,,
2015,,OK,Oklahoma,,,"329,085",,,,,,
2017,Brianhead,UT,Utah,6/17/2017,7/24/2017,"71,673",H,"$3,660,000",,,,
2013,Pony Complex,ID,Idaho,8/9/2013,8/19/2013,"149,384",L,"$4,000,000",,,,
2013,Elk Complex,ID,Idaho,8/9/2013,8/31/2013,"131,258",L,"$10,720,000",,,,
2018,Woolsey,CA,California,11/8/2018,11/27/2018,"96,949",U,"$56,943,320",,,,
2018,Ferguson,CA,California,7/13/2018,8/23/2018,"96,901",U,"$150,000,000",,,,
2008,East Slide Rock Ridge,NV,Nevada,8/10/2008,9/14/2008,"54,549",L,"$8,873,000",,,,
2017,Nena Springs,OR,Oregon,8/8/2017,8/29/2017,"68,007",H,"$8,900,000",,,,
2009,East Slide Rock Ridge,NV,Nevada,8/10/2008,4/7/2009,"54,549",L,$0,,,,
2013,Beaver Creek,ID,Idaho,8/7/2013,9/2/2013,"111,490",L,"$26,500,000",,,,
2016,Anderson Creek,OK,Oklahoma,3/23/2016,4/4/2016,"367,740",U,"$1,750,000",,,,
2016,350 Complex,OK,Oklahoma,5/5/2016,5/15/2016,"57,167",U,"$900,000",,,,
2017,NW Oklahoma Complex,OK,Oklahoma,3/7/2017,3/24/2017,"779,292",U,"$3,200,000",,,,
2011,Prairie,FL,Florida,6/5/2011,6/24/2011,"68,295",H,$0,,,,
2014,Big Cougar,ID,Idaho,8/2/2014,8/22/2014,"65,227",L,"$4,500,000",,,,
2017,Rice Ridge,MT,Montana,7/24/2017,10/17/2017,"160,187",L,"$49,251,000",,,,
2018,Rhea,OK,Oklahoma,4/12/2018,4/26/2018,"286,196",U,"$3,800,000",,,,
2018,County,CA,California,6/30/2018,7/14/2018,"90,288",U,"$47,000,000",,,,
2015,Soda,ID,Idaho,8/10/2015,8/23/2015,"285,361",U,"$6,250,000",,,,
2017,Cinder Butte,OR,Oregon,8/2/2017,8/16/2017,"52,531",H,"$4,400,000",,,,
2018,34 Complex,OK,Oklahoma,4/12/2018,4/24/2018,"62,481",OT,"$3,143,000",,,,
2019,,OK,Oklahoma,,,"174,339",,,,,,
2008,,OR,Oregon,,,"50,681",,,,,,
2009,,OR,Oregon,,,"49,756",,,,,,
2010,,OR,Oregon,,,"49,294",,,,,,
2019,,OR,Oregon,,,"49,062",,,,,,
2018,Avian Complex,FL,Florida,5/1/2018,5/29/2018,"82,461",U,"$10,781,364",,,,
2008,,SD,South Dakota,,,"44,314",,,,,,
2009,,SD,South Dakota,,,"43,977",,,,,,
2010,,SD,South Dakota,,,"43,808",,,,,,
2017,West Mims,GA,Georgia,4/6/2017,6/29/2017,"152,515",L,"$45,500,000",,,,
2011,,SD,South Dakota,,,"43,723",,,,,,
2012,Longhorn Complex,SD,South Dakota,7/19/2012,7/30/2012,"43,639",L,"$4,600,000",,,,
2011,Indian Creek,NV,Nevada,9/30/2011,10/13/2011,"110,827",L,"$2,500,000",,,,
2015,Tepee Springs,ID,Idaho,8/12/2015,10/19/2015,"95,709",L,"$31,540,000",,,,
2011,Chukkar Canyon,NV,Nevada,9/30/2011,10/13/2011,"48,672",L,"$500,000",,,,
2017,Diamond Creek,WA,Washington,7/23/2017,10/5/2017,"128,272",U,"$14,760,000",,,,
2017,Sartin Draw,MT,Montana,8/30/2017,9/4/2017,"99,735",L,"$1,500,000",,,,
2018,Delta,CA,California,9/5/2018,10/7/2018,"63,311",H,"$64,429,020",,,,
2018,Buzzard,FL,Florida,4/10/2018,5/1/2018,"62,404",L,"$10,419,127",,,,
2015,Selway/Elk City/Red River Complex,ID,Idaho,8/17/2015,10/29/2015,"94,921",L,"$16,000,000",,,,
2011,Izzenhood,NV,Nevada,9/30/2011,10/13/2011,"42,157",L,"$500,000",,,,
2017,Brush Flat,MT,Montana,8/31/2017,9/4/2017,"73,797",L,"$400,000",,,,
2015,Clearwater/Municipal/Motorway North Complex,ID,Idaho,8/10/2015,9/8/2015,"83,243",L,"$41,527,637",,,,
2012,Bull Run Complex,NV,Nevada,8/9/2012,8/19/2012,"51,366",L,"$4,816,272",,,,
2017,Perryton,TX,Texas,3/6/2017,3/13/2017,"318,156",H,$0,,,,
2012,Willow,NV,Nevada,8/5/2012,8/19/2012,"43,271",L,"$3,000,000",,,,
2017,Meyers,MT,Montana,7/14/2017,10/13/2017,"62,034",L,"$32,800,000",,,,
2016,Pioneer,ID,Idaho,7/18/2016,10/27/2016,"188,404",U,"$90,000,000",,,,
2013,,SD,South Dakota,,,"42,500",,,,,,
2018,RIVER,CA,California,7/27/2018,7/30/2018,"48,920",U,$0,,,,
2014,,SD,South Dakota,,,"41,930",,,,,,
2019,Little Crazy Mountain,AK,Alaska,6/21/2019,7/25/2019,"79,953",L,$0,,,,
2017,Lolo Peak,MT,Montana,7/15/2017,10/6/2017,"53,902",L,"$48,500,000",,,,
2017,Sapphire Complex,MT,Montana,7/24/2017,10/4/2017,"43,733",U,"$35,406,736",,,,
2015,,SD,South Dakota,,,"41,645",,,,,,
2017,Eagle Creek,OR,Oregon,9/2/2017,10/27/2017,"48,831",H,"$20,251,700",,,,
2017,Norse Peak,WA,Washington,8/11/2017,10/5/2017,"52,056",U,"$19,760,000",,,,
2018,Klondike,OR,Oregon,7/15/2018,11/28/2018,"175,258",L,"$104,500,000",,,,
2016,Cottonwood CA,SD,South Dakota,10/16/2016,10/18/2016,"41,360",U,"$170,000",,,,
2013,Silver,NM,New Mexico,6/7/2013,9/10/2013,"138,546",L,"$14,300,000",,,,
2017,Legion Lake,SD,South Dakota,12/11/2017,12/19/2017,"54,023",H,"$2,200,000",,,,
2018,,SD,South Dakota,,,"44,507",,,,,,
2016,North,NM,New Mexico,5/21/2016,7/14/2016,"42,102",L,"$4,800,000",,,,
2019,,SD,South Dakota,,,"49,265",,,,,,
2018,OK Bar,NM,New Mexico,4/22/2018,5/13/2018,"61,620",L,"$1,400,000",,,,
2018,Buzzard,NM,New Mexico,5/22/2018,7/12/2018,"50,296",U,"$15,100,000",,,,
2017,Highway 200 Complex,MT,Montana,9/1/2017,10/6/2017,"42,442",L,"$12,500,000",,,,
2008,,UT,Utah,,,"86,932",,,,,,
2011,,UT,Utah,,,"94,562",,,,,,
2016,Hot Pot,NV,Nevada,7/2/2016,7/10/2016,"122,292",U,"$3,402,259",,,,
2018,Boxcar,OR,Oregon,6/21/2018,7/3/2018,"100,207",U,"$3,500,000",,,,
2018,Substation 0730 RN,OR,Oregon,7/17/2018,8/2/2018,"78,425",H,"$4,200,000",,,,
2018,Watson Creek,OR,Oregon,8/15/2018,9/9/2018,"59,061",U,"$19,139,000",,,,
2018,Miles,OR,Oregon,7/16/2018,10/17/2018,"54,334",L,"$2,000,000",,,,
2018,Stubblefield 1008,OR,Oregon,8/17/2018,9/20/2018,"54,221",L,"$2,200,000",,,,
2018,Grass Valley,WA,Washington,8/11/2018,8/15/2018,"75,573",U,"$875,000",,,,
2018,Boylston,WA,Washington,7/19/2018,7/23/2018,"71,200",U,"$995,000",,,,
2018,Crescent Mountain,WA,Washington,7/29/2018,11/28/2018,"56,609",U,"$40,705,000",,,,
2018,Cougar Creek,WA,Washington,7/28/2018,11/8/2018,"42,712",L,"$42,165,000",,,,
2016,Henrys Creek,ID,Idaho,8/21/2016,8/31/2016,"52,972",U,"$4,320,000",,,,
2018,HIRZ,CA,California,8/9/2018,9/14/2018,"46,150",H,"$55,511,216",,,,
2013,,UT,Utah,,,"98,376",,,,,,
2014,,UT,Utah,,,"100,284",,,,,,
2014,Skunk,AZ,Arizona,4/19/2014,6/26/2014,"73,622",L,"$1,800,000",,,,
2017,Highline,ID,Idaho,7/28/2017,9/21/2017,"84,619",L,"$2,167,864",,,,
2018,Taylor Creek,OR,Oregon,7/15/2018,10/11/2018,"52,839",L,"$24,077,000",,,,
2017,Powerline,ID,Idaho,8/4/2017,8/13/2017,"55,529",U,"$4,512,207",,,,
2019,Little Mud River,AK,Alaska,6/21/2019,7/25/2019,"79,675",L,$0,,,,
2016,Virginia Mountains Complex,NV,Nevada,7/29/2016,8/6/2016,"59,727",L,"$8,000,200",,,,
2019,Williams Flatt,WA,Washington,8/2/2019,8/24/2019,"44,446",L,"$19,432,000",,,,
2018,206,NM,New Mexico,4/12/2018,4/14/2018,"44,162",U,"$96,000",,,,
2018,Pole Creek,UT,Utah,9/6/2018,10/8/2018,"102,191",L,"$29,100,000",,,,
2019,Sawgrass,FL,Florida,6/23/2019,6/27/2019,"42,000",L,$0,,,,
2006,Sioux County Complex,NE,Nebraska,7/27/2006,8/9/2006,"48,800",L,"$1,420,000",,,,
2017,Roosters Comb,NV,Nevada,7/9/2017,7/24/2017,"218,380",U,"$4,000,000",,,,
2017,Mammoth Cave,ID,Idaho,8/4/2017,8/8/2017,"49,912",H,"$560,000",,,,
2018,Dollar Ridge,UT,Utah,7/1/2018,8/29/2018,"70,003",U,"$22,000,000",,,,
2018,Jennies Peak 1039 RN,OR,Oregon,8/17/2018,9/20/2018,"45,956",L,"$1,400,000",,,,
2017,Powerline,ID,Idaho,7/15/2017,7/29/2017,"42,558",L,"$2,958,255",,,,
2017,Lefors East,TX,Texas,3/7/2017,3/10/2017,"135,000",H,$0,,,,
2017,Rankin Ranch Rd.,TX,Texas,3/23/2017,3/25/2017,"60,000",H,$0,,,,
2018,Grassy Ridge,ID,Idaho,7/26/2018,8/15/2018,"99,502",L,"$3,000,000",,,,
2017,Four Seasons Complex,NV,Nevada,7/16/2017,7/25/2017,"159,986",U,"$4,573,000",,,,
2019,Kincade,CA,California,10/23/2019,11/7/2019,"77,758",U,"$77,144,684",,,,
2018,Mallard,TX,Texas,5/8/2018,5/20/2018,"75,530",U,$0,,,,
2019,,TX,Texas,,,"473,623",,$0,,,,
2017,Truckee,NV,Nevada,7/3/2017,7/11/2017,"98,960",U,"$2,120,260",,,,
2015,,UT,Utah,,,"86,097",,,,,,
2016,Cedar,AZ,Arizona,6/15/2016,7/28/2016,"45,977",U,"$14,000,000",,,,
2018,Sharps,ID,Idaho,7/29/2018,9/13/2018,"64,853",H,"$9,500,000",,,,
2017,Tohakum 2,NV,Nevada,8/29/2017,7/11/2017,"94,221",L,"$3,456,000",,,,
2019,Smith Creek,AK,Alaska,6/30/2019,8/2/2019,"71,815",H,$0,,,,
2019,Hadweenzic River,AK,Alaska,6/22/2019,7/19/2019,"62,068",L,"$5,004,308",,,,
2017,Dry Gulch,NV,Nevada,7/4/2017,7/11/2017,"64,000",U,"$2,700,000",,,,
2017,Snowstorm,NV,Nevada,7/14/2017,7/15/2017,"60,000",U,"$482,448",,,,
2019,Wilderness,AK,Alaska,6/20/2019,7/25/2019,"53,411",L,"$60,000",,,,
2019,Foraker,AK,Alaska,6/26/2019,7/25/2019,"49,980",L,"$203,477",,,,
2016,,UT,Utah,,,"78,050",,,,,,
2019,Grouse Creek,AK,Alaska,7/10/2019,8/7/2019,"49,533",L,"$2,000,000",,,,
2017,Frye,AZ,Arizona,6/7/2017,8/31/2017,"48,443",L,"$20,000,000",,,,
2019,Page Mountain,AK,Alaska,6/22/2019,8/1/2019,"46,897",L,"$394,900",,,,
2019,Walker,CA,California,8/16/2019,9/25/2019,"54,608",U,"$35,600,000",,,,
2017,Sawmill,AZ,Arizona,4/23/2017,5/3/2017,"46,991",H,"$8,200,000",,,,
2019,,UT,Utah,,,"82,074",,,,,,
2019,Bergman Creek,AK,Alaska,6/21/2019,7/25/2019,"42,300",L,"$1,233,004",,,,
2008,,WA,Washington,,,"43,183",,,,,,
2019,Woodbury,AZ,Arizona,6/8/2019,7/5/2019,"123,875",U,"$20,000,000",,,,
2017,Earthstone,NV,Nevada,7/3/2017,7/11/2017,"41,545",U,"$3,194,000",,,,
2019,Cold Creek,WA,Washington,7/18/2019,7/21/2019,"41,920",U,"$900,000",,,,
2018,Bruneau,ID,Idaho,7/24/2018,7/28/2018,"61,691",L,"$1,750,000",,,,
2019,Tettjajik Creek,AK,Alaska,7/2/2019,7/11/2019,"41,300",L,"$40,341",,,,
2019,Sheep,ID,Idaho,6/22/2019,7/25/2019,"112,106",L,"$710,000",,,,
2018,Martin,NV,Nevada,7/5/2018,7/21/2018,"435,569",U,"$10,000,000",,,,
2018,South Sugarloaf,NV,Nevada,8/17/2018,10/10/2018,"233,458",L,"$20,000,000",,,,
2018,Goose Creek,NV,Nevada,7/26/2018,8/10/2018,"132,220",U,"$7,850,000",,,,
2018,Sheep Creek,NV,Nevada,8/18/2018,8/26/2018,"59,789",U,"$3,000,000",,,,
2018,Perry,NV,Nevada,7/27/2018,8/6/2018,"51,400",U,"$4,950,000",,,,
2010,,WA,Washington,,,"42,552",,,,,,
2011,,WA,Washington,,,"42,236",,,,,,
2019,Pothole,ID,Idaho,8/6/2019,8/8/2019,"69,704",H,"$600,000",,,,
,,,,,,,,,,,,